<?xml version="1.0" encoding="UTF-8"?>
<!--<suite parallel  = "test" name="Suite" thread-count = "2">-->

<suite name="AvayaProfilerManager">



	<test name="SystemManagement_creation_of_tsapi" parallel="classes" thread-count = "4" preserve-order="true">
	
		<parameter name="dataFile" value="PhonePeprofilermanagerdata.xlsx" />
		<parameter name="dataSheet" value="Positivedata" />
		<classes>
			<class name="AvayaProfilerManager.MainClass">
				<methods>
					<include name="Login"></include>
					
						
				</methods>
			</class>
		</classes>
	</test> 
		
	
	</suite>