<?xml version="1.0" encoding="UTF-8"?>
<!--<suite parallel  = "test" name="Suite" thread-count = "2">-->

<suite name="AvayaProfilerManager">



<test name="postive admin creation  " parallel="methods" thread-count = "4" preserve-order="true">
	
		<parameter name="dataFile" value="PhonePeprofilermanagerdata.xlsx" />
		<parameter name="dataSheet" value="Positivedata" />
		<classes>
			<class name="AvayaProfilerManager.MainClass">
				<methods>
					<include name="PositiveLogin"></include>
					<include name="AgentManagement_creation_of_admin_user"></include>
						
				</methods>
			</class>
		</classes>
	</test> 
	
		
	
	</suite>