<?xml version="1.0" encoding="UTF-8"?>
<!--<suite parallel  = "test" name="Suite" thread-count = "2">-->

<suite name="AvayaProfilerManager">
<listeners>
	<listener class-name="AvayaProfilerManager.testcomponent.SuiteListener"/>
	</listeners>

	
	<test name="Verify_admin_login" parallel="classes" thread-count = "4" preserve-order="true">
	
	    <parameter name="sheetname" value="Sheet2" />
		<parameter name="EXcelfilepath" value="\\src\\test\\java\\AvayaProfilerManager\\data\\PhonePeprofilermanagerdata.xlsx"/>
		 <parameter name="browserName" value="chrome" />

		
		<classes>
			<class name="AvayaProfilerManager.MainClass">
				<methods>
					<include name="PositiveLogin2"></include>
										
				</methods>
			</class>
		</classes>
	</test> 
		
		<test name="Verify_negative_admin_login" parallel="classes" thread-count = "4" preserve-order="true">
	
	    <parameter name="sheetname" value="Sheet2" />
		<parameter name="EXcelfilepath" value="\\src\\test\\java\\AvayaProfilerManager\\data\\PhonePeprofilermanagerdata.xlsx"/>
		
		
		<classes>
			<class name="AvayaProfilerManager.MainClass">
				<methods>
					<include name="NegativeLogin"></include>
										
				</methods>
			</class>
		</classes>
	</test> 
		
		</suite>				
