<?xml version="1.0" encoding="UTF-8"?>
<!--<suite parallel  = "test" name="Suite" thread-count = "2">-->
<suite name="AvayaProfilerManager" parallel="true">

<test name="Verify_admin_login  " parallel="methods" thread-count = "4" preserve-order="true">
	
		<parameter name="dataFile" value="PhonePeprofilermanagerdata.xlsx" />
		<parameter name="dataSheet" value="Positivedata" />
		<classes>
			<class name="AvayaProfilerManager.MainClass">
				<methods>
					
					<include name="AgentManagement_creation_of_admin_user"></include>
			
				</methods>
			</class>
		</classes>
	</test> 
	
	
	
	<test name="creation of supervisor  " parallel="methods" thread-count = "4" preserve-order="true">
	
		<parameter name="dataFile" value="PhonePeprofilermanagerdata.xlsx" />
		<parameter name="dataSheet" value="Positivedata" />
		<classes>
			<class name="AvayaProfilerManager.MainClass">
				<methods>
					<include name="PositiveLogin"></include>
					<include name="AgentManagement_creation_of_supervisor_user"></include>
						
				</methods>
			</class>
		</classes>
	</test> 
	
	<test name="delete user" parallel="classes" thread-count = "4" preserve-order="true">
	
		<parameter name="dataFile" value="PhonePeprofilermanagerdata.xlsx" />
		<parameter name="dataSheet" value="Positivedata" />
		<classes>
			<class name="AvayaProfilerManager.MainClass">
				<methods>
					<include name="PositiveLogin"></include>
					<include name="AgentManagement_deletion_of_admin_user"></include>
						
				</methods>
			</class>
		</classes>
	</test> 
	
	<test name="ProfileManagement_creation_of_Inbound_profile" parallel="classes" thread-count = "4" preserve-order="true">
	
		<parameter name="dataFile" value="PhonePeprofilermanagerdata.xlsx" />
		<parameter name="dataSheet" value="Positivedata" />
		<classes>
			<class name="AvayaProfilerManager.MainClass">
				<methods>
					<include name="PositiveLogin"></include>
					<include name="ProfileManagement_creation_of_Inbound_profile"></include>
						
				</methods>
			</class>
		</classes>
	</test> 
	
	<test name="ProfileManagement_creation_of_Inbound_UI_profile" parallel="classes" thread-count = "4" preserve-order="true">
	
		<parameter name="dataFile" value="PhonePeprofilermanagerdata.xlsx" />
		<parameter name="dataSheet" value="Positivedata" />
		<classes>
			<class name="AvayaProfilerManager.MainClass">
				<methods>
					<include name="PositiveLogin"></include>
					<include name="ProfileManagement_creation_of_Inbound_profile"></include>
						
				</methods>
			</class>
		</classes>
	</test> 
	
	<test name="SystemManagement_creation_of_tsapi" parallel="classes" thread-count = "4" preserve-order="true">
	
		<parameter name="dataFile" value="PhonePeprofilermanagerdata.xlsx" />
		<parameter name="dataSheet" value="Positivedata" />
		<classes>
			<class name="AvayaProfilerManager.MainClass">
				<methods>
					<include name="PositiveLogin"></include>
					<include name="SystemManagement_creation_of_tsapi"></include>
						
				</methods>
			</class>
		</classes>
	</test> 
		
	
	<test name="negative testcase " parallel="classes" thread-count = "4" preserve-order="true">
	
		<parameter name="dataFile" value="PhonePeprofilermanagerdata.xlsx" />
		<parameter name="dataSheet" value="Negativedata" />
		<classes>
			<class name="AvayaProfilerManager.MainClass">
				<methods>
					<include name="NegativeLogin"></include>
						
				</methods>
			</class>
		</classes>
	</test> 

</suite>
